{"theta0": 8383.168423631534, "theta1": -0.02034167009051933}